/*
SQLyog Ultimate v10.51 
MySQL - 5.6.14 : Database - erp_jxc
*********************************************************************
*/

/*!40101 SET NAMES utf8 */;

/*!40101 SET SQL_MODE=''*/;

/*!40014 SET @OLD_UNIQUE_CHECKS=@@UNIQUE_CHECKS, UNIQUE_CHECKS=0 */;
/*!40101 SET @OLD_SQL_MODE=@@SQL_MODE, SQL_MODE='NO_AUTO_VALUE_ON_ZERO' */;
/*!40111 SET @OLD_SQL_NOTES=@@SQL_NOTES, SQL_NOTES=0 */;
/*Table structure for table `log_procure` */

DROP TABLE IF EXISTS `log_procure`;

CREATE TABLE `log_procure` (
  `id` int(11) unsigned NOT NULL DEFAULT '0',
  `pdt_id` varchar(50) NOT NULL DEFAULT '',
  `ct_id` int(11) NOT NULL DEFAULT '0',
  `pdt_counts` varchar(100) NOT NULL DEFAULT '',
  `pdt_total` int(11) NOT NULL DEFAULT '0',
  `pdt_price` double(20,2) NOT NULL DEFAULT '0.00',
  `pdt_zk` double(20,2) NOT NULL DEFAULT '0.00',
  `total_rmb` int(11) NOT NULL DEFAULT '0',
  `datetime` datetime NOT NULL
) ENGINE=InnoDB DEFAULT CHARSET=utf8;

/*Data for the table `log_procure` */

insert  into `log_procure`(`id`,`pdt_id`,`ct_id`,`pdt_counts`,`pdt_total`,`pdt_price`,`pdt_zk`,`total_rmb`,`datetime`) values (1,'8805',0,'0|1|2|3|4|5|6|7|8',0,115.00,100.00,10000,'0000-00-00 00:00:00'),(2,'8806',0,'0|1|2|3|5|5|6|7|8',0,115.00,100.00,4140,'0000-00-00 00:00:00'),(3,'8807',0,'10|1|2|3|4|5|6|7|8',0,115.00,100.00,4140,'0000-00-00 00:00:00'),(4,'8809',0,'8|10|35|3|4|5|6|7|8',0,115.00,100.00,9775,'0000-00-00 00:00:00'),(5,'8810',9,'9|18|2|3|4|5|6|7|8',0,115.00,100.00,4140,'0000-00-00 00:00:00'),(6,'8805',9,'0|9|2|3|4|5|6|7|8',0,115.00,100.00,4140,'0000-00-00 00:00:00'),(7,'8815',1,'0|1|2|3|4|5|6|7|8',0,115.00,100.00,10000,'0000-00-00 00:00:00'),(8,'8806',1,'0|1|2|3|4|5|6|7|8',0,115.00,100.00,10000,'0000-00-00 00:00:00'),(9,'8805',2,'0|1|2|3|4|5|6|7|8',0,115.00,100.00,10000,'0000-00-00 00:00:00'),(10,'8810',2,'0|1|2|99|4|5|6|7|8',132,115.00,100.00,15180,'2016-10-29 17:59:59'),(11,'8805',2,'0|1|2|5|4|5|6|7|8',38,115.00,100.00,4370,'2016-10-29 17:59:46'),(12,'8805',2,'0|12|12|22|0|5|6|7|8',0,115.00,100.00,4140,'0000-00-00 00:00:00'),(13,'8805',2,'0|5|5|5|5|0|0|0|0',0,100.00,70.00,3920,'0000-00-00 00:00:00'),(20,'8828',2,'0|0|1|10|10|10|10|0|0',41,100.00,100.00,4100,'2016-10-29 17:36:15'),(21,'8828',2,'0|4|4|4|4|10|10|0|0',40,100.00,100.00,11600,'2016-10-29 16:52:42'),(22,'8829',2,'0|0|8|10|5|5|10',38,100.00,100.00,3800,'2016-10-29 18:20:46'),(23,'8830',2,'0|1|10|10|5|5|5|0|0|0',36,200.00,50.00,3600,'2016-10-29 18:20:51'),(24,'8831',1,'||5|5|5|5||||',20,100.00,100.00,2000,'2016-10-29 17:59:25'),(25,'8832',2,'||5|5|5|5||||',20,100.00,100.00,2000,'2016-10-29 18:22:01'),(29,'9003',2,'||6|3|2|2||||',13,100.00,100.00,1300,'2016-10-29 19:07:45'),(30,'9004',2,'||5|5|5|5||||',20,50.00,50.00,500,'2016-10-29 19:31:16'),(31,'9005',3,'||5|5|5|5||||',20,100.00,50.00,1000,'2016-10-29 19:32:26'),(32,'9006',1,'||2|2|2|2||||',8,100.00,100.00,800,'2016-10-29 19:32:26'),(33,'9007',1,'||2|2|2|2||||',8,100.00,100.00,800,'2016-10-29 19:34:35'),(34,'9008',1,'||3|3|3|3||||',12,100.00,100.00,1200,'2016-10-30 02:05:03'),(35,'9009',2,'||5|5|5|5||||',20,100.00,100.00,2000,'2016-10-29 19:34:35'),(36,'105',2,'||2|2|2|2||||',8,100.00,100.00,800,'2016-10-30 02:47:54'),(37,'106',3,'||10|10|10|10||||',40,50.00,50.00,1000,'2016-10-30 02:47:54'),(38,'107',2,'||5|5|5|5||||',20,100.00,100.00,2000,'2016-10-30 02:47:54');

/*Table structure for table `log_refund` */

DROP TABLE IF EXISTS `log_refund`;

CREATE TABLE `log_refund` (
  `id` int(11) unsigned NOT NULL DEFAULT '0',
  `pdt_id` varchar(50) NOT NULL DEFAULT '',
  `ct_id` int(11) NOT NULL DEFAULT '0',
  `pdt_counts` varchar(100) NOT NULL DEFAULT '',
  `pdt_total` int(11) NOT NULL DEFAULT '0',
  `pdt_price` double(20,2) NOT NULL DEFAULT '0.00',
  `pdt_zk` double(20,2) NOT NULL DEFAULT '0.00',
  `total_rmb` int(11) NOT NULL DEFAULT '0',
  `datetime` datetime NOT NULL
) ENGINE=InnoDB DEFAULT CHARSET=utf8;

/*Data for the table `log_refund` */

insert  into `log_refund`(`id`,`pdt_id`,`ct_id`,`pdt_counts`,`pdt_total`,`pdt_price`,`pdt_zk`,`total_rmb`,`datetime`) values (1,'8805',0,'0|1|2|3|4|5|6|7|8',0,115.00,100.00,10000,'0000-00-00 00:00:00'),(2,'8806',0,'0|1|2|3|4|5|6|7|8',0,115.00,100.00,10000,'0000-00-00 00:00:00'),(3,'8807',0,'0|1|2|3|4|5|6|7|8',0,115.00,100.00,10000,'0000-00-00 00:00:00'),(4,'8809',0,'0|1|2|3|4|5|6|7|8',0,115.00,100.00,10000,'0000-00-00 00:00:00'),(5,'8810',0,'0|1|2|3|4|5|6|7|8',0,115.00,100.00,10000,'0000-00-00 00:00:00'),(6,'8805',0,'0|1|2|3|4|5|6|7|8',0,115.00,100.00,10000,'0000-00-00 00:00:00'),(7,'8815',1,'0|1|2|3|4|5|6|7|8',0,115.00,100.00,10000,'0000-00-00 00:00:00'),(8,'8806',1,'0|1|2|3|4|5|6|7|8',0,115.00,100.00,10000,'0000-00-00 00:00:00'),(9,'8805',2,'0|1|2|3|4|5|6|7|8',0,115.00,100.00,10000,'0000-00-00 00:00:00'),(10,'8810',2,'0|1|2|3|4|5|6|7|8',0,115.00,100.00,10000,'0000-00-00 00:00:00'),(11,'8805',2,'0|1|2|3|4|5|6|7|8',0,115.00,100.00,10000,'0000-00-00 00:00:00'),(12,'8805',0,'0|1|2|3|4|5|6|7|8',0,115.00,100.00,10000,'0000-00-00 00:00:00'),(13,'8805',0,'0|1|2|3|4|5|6|7|8',0,115.00,100.00,10000,'0000-00-00 00:00:00'),(14,'8805',0,'0|1|2|3|4|5|6|7|8',0,115.00,100.00,10000,'0000-00-00 00:00:00'),(15,'8805',0,'0|1|2|3|4|5|6|7|8',0,115.00,100.00,10000,'0000-00-00 00:00:00'),(16,'8805',0,'0|1|2|3|4|5|6|7|8',0,115.00,100.00,10000,'0000-00-00 00:00:00');

/*Table structure for table `log_sales` */

DROP TABLE IF EXISTS `log_sales`;

CREATE TABLE `log_sales` (
  `id` int(11) unsigned NOT NULL AUTO_INCREMENT,
  `pdt_id` varchar(50) NOT NULL DEFAULT '',
  `ct_id` int(11) NOT NULL DEFAULT '0',
  `pdt_counts` varchar(100) NOT NULL DEFAULT '',
  `pdt_total` int(11) NOT NULL DEFAULT '0',
  `pdt_price` double(20,2) NOT NULL DEFAULT '0.00',
  `pdt_zk` double(20,2) NOT NULL DEFAULT '0.00',
  `total_rmb` int(11) NOT NULL DEFAULT '0',
  `datetime` datetime NOT NULL,
  PRIMARY KEY (`id`)
) ENGINE=InnoDB AUTO_INCREMENT=41 DEFAULT CHARSET=utf8;

/*Data for the table `log_sales` */

insert  into `log_sales`(`id`,`pdt_id`,`ct_id`,`pdt_counts`,`pdt_total`,`pdt_price`,`pdt_zk`,`total_rmb`,`datetime`) values (1,'8805',0,'0|1|2|3|4|5|6|7|8',0,115.00,100.00,10000,'0000-00-00 00:00:00'),(2,'8806',0,'0|1|2|3|5|5|6|7|8',0,115.00,100.00,4140,'0000-00-00 00:00:00'),(3,'8807',0,'10|1|2|3|4|5|6|7|8',0,115.00,100.00,4140,'0000-00-00 00:00:00'),(4,'8809',0,'8|10|35|3|4|5|6|7|8',0,115.00,100.00,9775,'0000-00-00 00:00:00'),(5,'8810',9,'9|18|2|3|4|5|6|7|8',0,115.00,100.00,4140,'0000-00-00 00:00:00'),(6,'8805',9,'0|9|2|3|4|5|6|7|8',0,115.00,100.00,4140,'0000-00-00 00:00:00'),(7,'8815',1,'0|1|2|3|4|5|6|7|8',0,115.00,100.00,10000,'0000-00-00 00:00:00'),(8,'8806',1,'0|1|2|3|4|5|6|7|8',0,115.00,100.00,10000,'0000-00-00 00:00:00'),(9,'8805',2,'0|1|2|3|4|5|6|7|8',0,115.00,100.00,10000,'0000-00-00 00:00:00'),(10,'8810',2,'0|1|2|99|4|5|6|7|8',132,115.00,100.00,15180,'2016-10-29 17:59:59'),(11,'8805',2,'0|1|2|5|4|5|6|7|8',38,115.00,100.00,4370,'2016-10-29 17:59:46'),(12,'8805',2,'0|12|12|22|0|5|6|7|8',0,115.00,100.00,4140,'0000-00-00 00:00:00'),(13,'8805',2,'0|5|5|5|5|0|0|0|0',0,100.00,70.00,3920,'0000-00-00 00:00:00'),(20,'8828',2,'0|0|1|10|10|10|10|0|0',41,100.00,100.00,4100,'2016-10-29 17:36:15'),(21,'8828',2,'0|4|4|4|4|10|10|0|0',40,100.00,100.00,11600,'2016-10-29 16:52:42'),(22,'8829',2,'0|0|8|10|5|5|10',38,100.00,100.00,3800,'2016-10-29 18:20:46'),(23,'8830',2,'0|1|10|10|5|5|5|0|0|0',36,200.00,50.00,3600,'2016-10-29 18:20:51'),(24,'8831',1,'||5|5|5|5||||',20,100.00,100.00,2000,'2016-10-29 17:59:25'),(25,'8832',2,'||5|5|5|5||||',20,100.00,100.00,2000,'2016-10-29 18:22:01'),(29,'9003',2,'||6|3|2|2||||',13,100.00,100.00,1300,'2016-10-29 19:07:45'),(30,'9004',2,'||5|5|5|5||||',20,50.00,50.00,500,'2016-10-29 19:31:16'),(31,'9005',3,'||5|5|5|5||||',20,100.00,50.00,1000,'2016-10-29 19:32:26'),(32,'9006',1,'||2|2|2|2||||',8,100.00,100.00,800,'2016-10-29 19:32:26'),(33,'9007',1,'||2|2|2|2||||',8,100.00,100.00,800,'2016-10-29 19:34:35'),(34,'9008',1,'||3|3|3|3||||',12,100.00,100.00,1200,'2016-10-30 02:05:03'),(35,'9009',2,'||5|5|5|5||||',20,100.00,100.00,2000,'2016-10-29 19:34:35'),(36,'105',2,'||2|2|2|2||||',8,100.00,100.00,800,'2016-10-30 02:47:54'),(37,'106',3,'||10|10|10|10||||',40,50.00,50.00,1000,'2016-10-30 02:47:54'),(38,'107',2,'||5|5|5|5||||',20,100.00,100.00,2000,'2016-10-30 02:47:54'),(39,'555',2,'||5|5|5|||||',15,150.00,75.00,1688,'2016-10-31 17:09:39'),(40,'556',2,'||5|5|5|5||||',20,100.00,100.00,2000,'2016-10-31 17:10:29');

/*Table structure for table `tb_customer` */

DROP TABLE IF EXISTS `tb_customer`;

CREATE TABLE `tb_customer` (
  `ct_id` int(10) unsigned NOT NULL AUTO_INCREMENT,
  `ct_name` varchar(50) NOT NULL DEFAULT '',
  `ct_address` varchar(200) NOT NULL DEFAULT '',
  `ct_phone` varchar(50) NOT NULL DEFAULT '',
  `ct_money` double(20,2) NOT NULL DEFAULT '0.00',
  `ct_debt` double(20,2) NOT NULL DEFAULT '0.00',
  PRIMARY KEY (`ct_id`),
  UNIQUE KEY `ct_name` (`ct_name`)
) ENGINE=InnoDB AUTO_INCREMENT=3 DEFAULT CHARSET=utf8;

/*Data for the table `tb_customer` */

insert  into `tb_customer`(`ct_id`,`ct_name`,`ct_address`,`ct_phone`,`ct_money`,`ct_debt`) values (1,'周先生','杭州市下城区','15267468286',100.00,0.00),(2,'将及时','台湾省台北市','110',1000000.00,0.00);

/*Table structure for table `tb_pdt_stock` */

DROP TABLE IF EXISTS `tb_pdt_stock`;

CREATE TABLE `tb_pdt_stock` (
  `id` int(10) unsigned NOT NULL AUTO_INCREMENT,
  `pdt_id` varchar(50) NOT NULL DEFAULT '',
  `pdt_name` varchar(50) NOT NULL DEFAULT '',
  `pdt_color` int(11) NOT NULL DEFAULT '0',
  `pdt_stock` varchar(100) NOT NULL DEFAULT '',
  `pdt_purchase` int(11) NOT NULL DEFAULT '0',
  PRIMARY KEY (`id`)
) ENGINE=InnoDB DEFAULT CHARSET=utf8;

/*Data for the table `tb_pdt_stock` */

/*Table structure for table `tb_product` */

DROP TABLE IF EXISTS `tb_product`;

CREATE TABLE `tb_product` (
  `pdt_id` varchar(50) NOT NULL DEFAULT '' COMMENT '产品货号',
  `pdt_name` varchar(100) NOT NULL DEFAULT '' COMMENT '产品名称',
  `pdt_color` int(11) NOT NULL DEFAULT '0' COMMENT '产品颜色',
  `pdt_counts` varchar(100) NOT NULL DEFAULT '' COMMENT '产品库存',
  `pdt_price` float(11,2) NOT NULL DEFAULT '0.00' COMMENT '进货价',
  `pdt_total` double(20,2) NOT NULL DEFAULT '0.00' COMMENT '库存总数',
  `total_rmb` double(20,2) NOT NULL DEFAULT '0.00' COMMENT '库存总价值',
  PRIMARY KEY (`pdt_id`),
  UNIQUE KEY `pdt_id` (`pdt_id`)
) ENGINE=InnoDB DEFAULT CHARSET=utf8;

/*Data for the table `tb_product` */

insert  into `tb_product`(`pdt_id`,`pdt_name`,`pdt_color`,`pdt_counts`,`pdt_price`,`pdt_total`,`total_rmb`) values ('1980','新款1980',4,'|||||||||',588.00,0.00,0.00),('1981','吊牌1',3,'|||||||||',598.00,0.00,0.00),('1982','信使',2,'|||||||||',100.00,0.00,0.00),('8815','羊绒-A',2,'||5|5|5|5||||',200.00,20.00,4000.00),('8815-黑','8815',1,'||2|2|2|2||||',100.00,8.00,800.00),('8816','风衣-X',2,'||10|10|10|10||||',200.00,40.00,8000.00),('8817','风衣-A',1,'||5|5|5|5||||',100.00,20.00,2000.00),('8818','衬衣-Z',5,'||2|2|2|2|2|||',50.00,10.00,500.00),('8819','sdf',2,'||2|2|2|2|2|||',2.00,10.00,20.00),('8820','45',2,'||2|2|2|2||||',2.00,8.00,16.00);

/*!40101 SET SQL_MODE=@OLD_SQL_MODE */;
/*!40014 SET UNIQUE_CHECKS=@OLD_UNIQUE_CHECKS */;
/*!40111 SET SQL_NOTES=@OLD_SQL_NOTES */;
